insert into iskolik.adres (adres_id,sehir,ilce,mahalle,cadde,apartman_no,daire_no) values(-1, 'Ankara', 'Akyurt', 'Uzunlar', 'Atatürk', 52, 4);
insert into iskolik.adres (adres_id,sehir,ilce,mahalle,cadde,apartman_no,daire_no) values(-2, 'Antalya', 'Manavgat', 'Barbaros', 'Cumhuriyet', 104, 13);
insert into iskolik.adres (adres_id,sehir,ilce,mahalle,cadde,apartman_no,daire_no) values(-3, 'Ankara', 'Altındağ', 'Çağlayan', 'Fatih', 74, 1);
insert into iskolik.adres (adres_id,sehir,ilce,mahalle,cadde,apartman_no,daire_no) values(-4, 'Balıkesir', 'Dursunbey', 'Hasanlar', 'Gül', 8, 26);
insert into iskolik.adres (adres_id,sehir,ilce,mahalle,cadde,apartman_no,daire_no) values(-5, 'Diyarbakır', 'Bismil', 'Yasince', 'Okul', 85, 14);
insert into iskolik.adres (adres_id,sehir,ilce,mahalle,cadde,apartman_no,daire_no) values(-6, 'Erzurum', 'Aziziye', 'Eğerti', 'Karanfil', 47, 10);
insert into iskolik.adres (adres_id,sehir,ilce,mahalle,cadde,apartman_no,daire_no) values(-7, 'İzmir', 'Kemalpaşa', 'Dereköy', 'Lale', 52, 3);
insert into iskolik.adres (adres_id,sehir,ilce,mahalle,cadde,apartman_no,daire_no) values(-8, 'Kırşehir', 'Mucur', 'Hamidiye', 'Menekşe', 21, 25);
insert into iskolik.adres (adres_id,sehir,ilce,mahalle,cadde,apartman_no,daire_no) values(-9, 'Manisa', 'Soma', 'Hürriyet', 'İnönü', 14, 27);
insert into iskolik.adres (adres_id,sehir,ilce,mahalle,cadde,apartman_no,daire_no) values(-10, 'Ankara', 'Çankaya', 'Oğuzlar', 'Anafartalar', 3, 30);
insert into iskolik.adres (adres_id,sehir,ilce,mahalle,cadde,apartman_no,daire_no) values(-11, 'Ankara', 'Keçiören', 'Çiçekli', 'İstiklal', 44, 33);
insert into iskolik.adres (adres_id,sehir,ilce,mahalle,cadde,apartman_no,daire_no) values(-12, 'İstanbul', 'Bağcılar', 'Demirkapı', 'Sokullu', 79, 5);
insert into iskolik.adres (adres_id,sehir,ilce,mahalle,cadde,apartman_no,daire_no) values(-13, 'İstanbul', 'Çatalca', 'Başak', 'Bahariye', 96, 2);
insert into iskolik.adres (adres_id,sehir,ilce,mahalle,cadde,apartman_no,daire_no) values(-14, 'Malatya', 'Battalgazi', 'Pelitli', 'Girne', 124, 11);
insert into iskolik.adres (adres_id,sehir,ilce,mahalle,cadde,apartman_no,daire_no) values(-15, 'Sakarya', 'Pamukova', 'Çakmaklı', 'Kıbrıs', 35, 18);
insert into iskolik.adres (adres_id,sehir,ilce,mahalle,cadde,apartman_no,daire_no) values(-16, 'Samsun', 'İlkadım', 'Kılıçdede', 'Bahçeli', 68, 23);

insert into iskolik.iletisim (iletisim_id,adres_id,cep_telefonu,sabit_telefon ) values (-1,-1,'5057668945','3122985347');
insert into iskolik.iletisim (iletisim_id,adres_id,cep_telefonu,sabit_telefon ) values (-2,-2,'5326284740','2422413352');
insert into iskolik.iletisim (iletisim_id,adres_id,cep_telefonu,sabit_telefon ) values (-3,-3,'5062579992','3124663822');
insert into iskolik.iletisim (iletisim_id,adres_id,cep_telefonu,sabit_telefon ) values (-4,-4,'5355431543','2664028886');
insert into iskolik.iletisim (iletisim_id,adres_id,cep_telefonu,sabit_telefon ) values (-5,-5,'5053207213','4128036500  ');
insert into iskolik.iletisim (iletisim_id,adres_id,cep_telefonu,sabit_telefon ) values (-6,-6,'5325583416','4425297697');
insert into iskolik.iletisim (iletisim_id,adres_id,cep_telefonu,sabit_telefon ) values (-7,-7,'5366515899','2324676127');
insert into iskolik.iletisim (iletisim_id,adres_id,cep_telefonu,sabit_telefon ) values (-8,-8,'5322407615','3865224912');
insert into iskolik.iletisim (iletisim_id,adres_id,cep_telefonu,sabit_telefon ) values (-9,-9,'5062402359','2362018691');
insert into iskolik.iletisim (iletisim_id,adres_id,cep_telefonu,sabit_telefon ) values (-10,-10,'5052260088','3122717762');
insert into iskolik.iletisim (iletisim_id,adres_id,cep_telefonu,sabit_telefon ) values (-11,-11,'5332906612','3124058305');
insert into iskolik.iletisim (iletisim_id,adres_id,cep_telefonu,sabit_telefon ) values (-12,-12,'5324330114','2125391364');
insert into iskolik.iletisim (iletisim_id,adres_id,cep_telefonu,sabit_telefon ) values (-13,-13,'5055996234','2168888269');
insert into iskolik.iletisim (iletisim_id,adres_id,cep_telefonu,sabit_telefon ) values (-14,-14,'5064913581','4226273449');
insert into iskolik.iletisim (iletisim_id,adres_id,cep_telefonu,sabit_telefon ) values (-15,-15,'5332251619','2653580150');
insert into iskolik.iletisim (iletisim_id,adres_id,cep_telefonu,sabit_telefon ) values (-16,-16,'5355953655','3622889295');

insert into iskolik.kullanici (kullanici_id,kullanici_adi,email,durum,kayit_tarihi,sifre_hash,iletisim_id) values (-1,'badi_ekrem','badi.ekrem@gmail.com','Aktif','2020-06-08','6d57e2bd7a1d87f753229a4b70e242058a31a568',-1);
insert into iskolik.kullanici (kullanici_id,kullanici_adi,email,durum,kayit_tarihi,sifre_hash,iletisim_id) values (-2,'ethem_gocen','ethem.gocen@yahoo.com','Aktif','2019-05-11','6d57e2bd7a1d87f753229a4b70e242058a31a568',-2);
insert into iskolik.kullanici (kullanici_id,kullanici_adi,email,durum,kayit_tarihi,sifre_hash,iletisim_id) values (-3,'seda_konar','seda.konar@proton.com','Aktif','2018-12-14','6d57e2bd7a1d87f753229a4b70e242058a31a568',-3);
insert into iskolik.kullanici (kullanici_id,kullanici_adi,email,durum,kayit_tarihi,sifre_hash,iletisim_id) values (-4,'saliha_akarsu','saliha_akarsu@gmail.com','Aktif','2021-08-23','6d57e2bd7a1d87f753229a4b70e242058a31a568',-4);
insert into iskolik.kullanici (kullanici_id,kullanici_adi,email,durum,kayit_tarihi,sifre_hash,iletisim_id) values (-5,'rustu_gumusbas','rustu.gumusbas@yahoo.com','Aktif','2010-01-16','6d57e2bd7a1d87f753229a4b70e242058a31a568',-5);
insert into iskolik.kullanici (kullanici_id,kullanici_adi,email,durum,kayit_tarihi,sifre_hash,iletisim_id) values (-6,'levent_cicek','levent.cicek@hotmail.com','Aktif','2009-06-25','6d57e2bd7a1d87f753229a4b70e242058a31a568',-6);
insert into iskolik.kullanici (kullanici_id,kullanici_adi,email,durum,kayit_tarihi,sifre_hash,iletisim_id) values (-7,'sevgi_saracli','sevgi.saracli@proton.com','Aktif','2005-07-19','6d57e2bd7a1d87f753229a4b70e242058a31a568',-7);
insert into iskolik.kullanici (kullanici_id,kullanici_adi,email,durum,kayit_tarihi,sifre_hash,iletisim_id) values (-8,'ayse_koacayurek','ayse.kocayurek@gmail.com','Aktif','2016-10-30','6d57e2bd7a1d87f753229a4b70e242058a31a568',-8);
insert into iskolik.kullanici (kullanici_id,kullanici_adi,email,durum,kayit_tarihi,sifre_hash,iletisim_id) values (-9,'orkun_tugrul','orkun.tugrul@yahoo.com','Aktif','2018-03-24','6d57e2bd7a1d87f753229a4b70e242058a31a568',-9);
insert into iskolik.kullanici (kullanici_id,kullanici_adi,email,durum,kayit_tarihi,sifre_hash,iletisim_id) values (-10,'yasin_cukurcu','yasin.cukurcu@hotmail.com','Aktif','2014-02-28','6d57e2bd7a1d87f753229a4b70e242058a31a568',-10);
insert into iskolik.kullanici (kullanici_id,kullanici_adi,email,durum,kayit_tarihi,sifre_hash,iletisim_id) values (-11,'aytek_nakliyat','aytek.nakliyat@gmail.com','Aktif','2006-01-31','6d57e2bd7a1d87f753229a4b70e242058a31a568',-11);
insert into iskolik.kullanici (kullanici_id,kullanici_adi,email,durum,kayit_tarihi,sifre_hash,iletisim_id) values (-12,'aselsan','aselsan@aselsan.gov.tr','Aktif','2009-12-06','6d57e2bd7a1d87f753229a4b70e242058a31a568',-12);
insert into iskolik.kullanici (kullanici_id,kullanici_adi,email,durum,kayit_tarihi,sifre_hash,iletisim_id) values (-13,'tai','tai@tai.gov.tr','Aktif','2000-01-01','6d57e2bd7a1d87f753229a4b70e242058a31a568',-13);
insert into iskolik.kullanici (kullanici_id,kullanici_adi,email,durum,kayit_tarihi,sifre_hash,iletisim_id) values (-14,'google','google@gmail.com','Aktif','2005-09-01','6d57e2bd7a1d87f753229a4b70e242058a31a568',-14);
insert into iskolik.kullanici (kullanici_id,kullanici_adi,email,durum,kayit_tarihi,sifre_hash,iletisim_id) values (-15,'microsoft','microsoft@bing.com.tr','Aktif','2003-05-21','6d57e2bd7a1d87f753229a4b70e242058a31a568',-15);
insert into iskolik.kullanici (kullanici_id,kullanici_adi,email,durum,kayit_tarihi,sifre_hash,iletisim_id) values (-16,'gokmen_saglik_hiz','gokmen.saglik@gmail.com','Aktif','2021-06-11','6d57e2bd7a1d87f753229a4b70e242058a31a568',-16);

insert into iskolik.bireysel_kullanici (kullanici_id,ad,soyad,cinsiyet,dogum_tarihi) values(-1,'Badi','Ekrem','E','1950-01-23');
insert into iskolik.bireysel_kullanici (kullanici_id,ad,soyad,cinsiyet,dogum_tarihi) values(-2,'Ethem','Göçen','E','1978-05-12');
insert into iskolik.bireysel_kullanici (kullanici_id,ad,soyad,cinsiyet,dogum_tarihi) values(-3,'Seda','Konar','K','1988-10-30');
insert into iskolik.bireysel_kullanici (kullanici_id,ad,soyad,cinsiyet,dogum_tarihi) values(-4,'Saliha','Akarsu','K','2000-03-15');
insert into iskolik.bireysel_kullanici (kullanici_id,ad,soyad,cinsiyet,dogum_tarihi) values(-5,'Rüştü','Gümüşbaş','E','1995-11-23');
insert into iskolik.bireysel_kullanici (kullanici_id,ad,soyad,cinsiyet,dogum_tarihi) values(-6,'Levent','Çiçek','E','1983-02-02');
insert into iskolik.bireysel_kullanici (kullanici_id,ad,soyad,cinsiyet,dogum_tarihi) values(-7,'Sevgi','Saraçlı','K','1990-06-09');
insert into iskolik.bireysel_kullanici (kullanici_id,ad,soyad,cinsiyet,dogum_tarihi) values(-8,'Ayşe','Kocayürek','K','1992-12-11');
insert into iskolik.bireysel_kullanici (kullanici_id,ad,soyad,cinsiyet,dogum_tarihi) values(-9,'Orkun','Tuğrul','E','1987-01-26');
insert into iskolik.bireysel_kullanici (kullanici_id,ad,soyad,cinsiyet,dogum_tarihi) values(-10,'Yasin','Çukurcu','E','1985-09-20');

insert into iskolik.kurumsal_kullanici (kullanici_id,ad,calisan_sayisi) values (-11,'Aytek Nakliyat',25);
insert into iskolik.kurumsal_kullanici (kullanici_id,ad,calisan_sayisi) values (-12,'Aselsan',5000);
insert into iskolik.kurumsal_kullanici (kullanici_id,ad,calisan_sayisi) values (-13,'Tai',2000);
insert into iskolik.kurumsal_kullanici (kullanici_id,ad,calisan_sayisi) values (-14,'Google',1500);
insert into iskolik.kurumsal_kullanici (kullanici_id,ad,calisan_sayisi) values (-15,'Microsoft',1600);
insert into iskolik.kurumsal_kullanici (kullanici_id,ad,calisan_sayisi) values (-16,'Gökmen Sağlık Hizmetleri',50);

insert into iskolik.kategori (kategori_id,ad,aciklama,ata_kategori_id,durum) values(-1,'Bilişim Teknolojileri', 'Bilişim Teknolojileri', null, 'Aktif');
insert into iskolik.kategori (kategori_id,ad,aciklama,ata_kategori_id,durum) values(-2,'Yazılım Geliştirme', 'Yazılım Geliştirme', -1, 'Aktif');
insert into iskolik.kategori (kategori_id,ad,aciklama,ata_kategori_id,durum) values(-3,'Programlama Dili', 'Programlama Dili', -2, 'Aktif');
insert into iskolik.kategori (kategori_id,ad,aciklama,ata_kategori_id,durum) values(-4,'C', 'C', -3, 'Aktif');
insert into iskolik.kategori (kategori_id,ad,aciklama,ata_kategori_id,durum) values(-5,'C++', 'C++', -3, 'Aktif');
insert into iskolik.kategori (kategori_id,ad,aciklama,ata_kategori_id,durum) values(-6,'Java', 'Java', -3, 'Aktif');
insert into iskolik.kategori (kategori_id,ad,aciklama,ata_kategori_id,durum) values(-7,'Spring', 'Spring', -6, 'Aktif');
insert into iskolik.kategori (kategori_id,ad,aciklama,ata_kategori_id,durum) values(-8,'Hibernate', 'Hibernate', -6, 'Aktif');
insert into iskolik.kategori (kategori_id,ad,aciklama,ata_kategori_id,durum) values(-9,'JUnit', 'JUnit', -6, 'Aktif');
insert into iskolik.kategori (kategori_id,ad,aciklama,ata_kategori_id,durum) values(-10,'JavaScript', 'JavaScript', -3, 'Aktif');
insert into iskolik.kategori (kategori_id,ad,aciklama,ata_kategori_id,durum) values(-11,'Node.js', 'Node.js', -10, 'Aktif');
insert into iskolik.kategori (kategori_id,ad,aciklama,ata_kategori_id,durum) values(-12,'Vue.js', 'Vue.js', -10, 'Aktif');
insert into iskolik.kategori (kategori_id,ad,aciklama,ata_kategori_id,durum) values(-13,'React.js', 'React.js', -10, 'Aktif');
insert into iskolik.kategori (kategori_id,ad,aciklama,ata_kategori_id,durum) values(-14,'Python', 'Python', -3, 'Aktif');
insert into iskolik.kategori (kategori_id,ad,aciklama,ata_kategori_id,durum) values(-15,'Diğer', 'Diğer', -3, 'Aktif');

insert into iskolik.profil (profil_id,ozgecmis) values (-1,'2000 yılında Ahmet Yesevi Üniversitesi Bilgisayar Mühendisliği...');
insert into iskolik.profil (profil_id,ozgecmis) values (-2,'2001 yılında Ahmet Yesevi Üniversitesi Bilgisayar Mühendisliği...');
insert into iskolik.profil (profil_id,ozgecmis) values (-3,'2002 yılında Ahmet Yesevi Üniversitesi Bilgisayar Mühendisliği...');
insert into iskolik.profil (profil_id,ozgecmis) values (-4,'2003 yılında Ahmet Yesevi Üniversitesi Bilgisayar Mühendisliği...');
insert into iskolik.profil (profil_id,ozgecmis) values (-5,'2004 yılında Ahmet Yesevi Üniversitesi Bilgisayar Mühendisliği...');
insert into iskolik.profil (profil_id,ozgecmis) values (-6,'2005 yılında Ahmet Yesevi Üniversitesi Bilgisayar Mühendisliği...');
insert into iskolik.profil (profil_id,ozgecmis) values (-7,'2006 yılında Ahmet Yesevi Üniversitesi Bilgisayar Mühendisliği...');
insert into iskolik.profil (profil_id,ozgecmis) values (-8,'2007 yılında Ahmet Yesevi Üniversitesi Bilgisayar Mühendisliği...');
insert into iskolik.profil (profil_id,ozgecmis) values (-9,'2008 yılında Ahmet Yesevi Üniversitesi Bilgisayar Mühendisliği...');
insert into iskolik.profil (profil_id,ozgecmis) values (-10,'2009 yılında Ahmet Yesevi Üniversitesi Bilgisayar Mühendisliği...');

insert into iskolik.yetenek (profil_id,kategori_id,aciklama) values (-1,-6,'10 yıl tecrübeli, çok iyi');
insert into iskolik.yetenek (profil_id,kategori_id,aciklama) values (-1,-10,'5 yıl tecrübeli, iyi');
insert into iskolik.yetenek (profil_id,kategori_id,aciklama) values (-1,-11,'2 yıl tecrübeli, orta');

insert into iskolik.sinav (profil_id,sinav_adi,sinav_sonucu) values (-1,'YDS','75');
insert into iskolik.sinav (profil_id,sinav_adi,sinav_sonucu) values (-1,'KPSS','82');

insert into iskolik.sertifika (profil_id,sertifika_adi) values (-1,'Java SE 11 Developer Certification');
insert into iskolik.sertifika (profil_id,sertifika_adi) values (-1,'Oracle Certified Professional, Java SE 8');

insert into iskolik.ilan (ilan_id,kullanici_id,unvan,is_part_time,yer,giris_tarihi,yayin_tarihi,iptal_tarihi,son_basvuru_tarihi,basvuru_limiti,aciklama,zorunlu_ozellikler,tercihen_ozellikler,maas_araligi,durum)
  values (-1, -12, 'Bilişim Güvemliği Uzmanı', false,'Ankara','2021-09-25','2021-11-15',null,'2021-12-15',0,'Ankara yerleşkemizde çalışmak üzere tam zamanlı çalışma arkadaşları arıyoruz.','İngilizce','Almanca',null,'Beklemede');
insert into iskolik.ilan (ilan_id,kullanici_id,unvan,is_part_time,yer,giris_tarihi,yayin_tarihi,iptal_tarihi,son_basvuru_tarihi,basvuru_limiti,aciklama,zorunlu_ozellikler,tercihen_ozellikler,maas_araligi,durum)
  values (-2, -11, 'İnsan Kaynakları Uzmanı', false,'İzmir','2021-11-01','2021-11-04',null,'2021-12-04',0,'İzmir yerleşkemizde çalışmak üzere tam zamanlı çalışma arkadaşları arıyoruz.','İngilizce','Almanca',null,'Aktif');
insert into iskolik.ilan (ilan_id,kullanici_id,unvan,is_part_time,yer,giris_tarihi,yayin_tarihi,iptal_tarihi,son_basvuru_tarihi,basvuru_limiti,aciklama,zorunlu_ozellikler,tercihen_ozellikler,maas_araligi,durum)
  values (-3, -13, 'Teknisyen', false,'Ankara','2021-09-09','2021-08-10',null,'2021-09-10',0,'Ankara yerleşkemizde çalışmak üzere tam zamanlı çalışma arkadaşları arıyoruz.','İngilizce','Almanca',null,'İptal');
insert into iskolik.ilan (ilan_id,kullanici_id,unvan,is_part_time,yer,giris_tarihi,yayin_tarihi,iptal_tarihi,son_basvuru_tarihi,basvuru_limiti,aciklama,zorunlu_ozellikler,tercihen_ozellikler,maas_araligi,durum)
  values (-4, -16, 'Aşçı', false,'Ankara','2021-09-15','2021-09-21',null,'2021-10-21',0,'Ankara yerleşkemizde çalışmak üzere tam zamanlı çalışma arkadaşları arıyoruz.','İngilizce','Almanca',null,'Tamamlandı');
insert into iskolik.ilan (ilan_id,kullanici_id,unvan,is_part_time,yer,giris_tarihi,yayin_tarihi,iptal_tarihi,son_basvuru_tarihi,basvuru_limiti,aciklama,zorunlu_ozellikler,tercihen_ozellikler,maas_araligi,durum)
  values (-5, -16, 'Hemşire', false,'Ankara','2021-09-25','2021-10-06',null,'2021-10-06',0,'Ankara yerleşkemizde çalışmak üzere tam zamanlı çalışma arkadaşları arıyoruz.','İngilizce','Almanca',null,'İptal');
insert into iskolik.ilan (ilan_id,kullanici_id,unvan,is_part_time,yer,giris_tarihi,yayin_tarihi,iptal_tarihi,son_basvuru_tarihi,basvuru_limiti,aciklama,zorunlu_ozellikler,tercihen_ozellikler,maas_araligi,durum)
  values (-6, -13, 'Güvenlik Görevlisi', false,'Ankara','2021-10-05','2021-10-07',null,'2021-11-07',0,'Ankara yerleşkemizde çalışmak üzere tam zamanlı çalışma arkadaşları arıyoruz.','İngilizce','Almanca',null,'Aktif');
insert into iskolik.ilan (ilan_id,kullanici_id,unvan,is_part_time,yer,giris_tarihi,yayin_tarihi,iptal_tarihi,son_basvuru_tarihi,basvuru_limiti,aciklama,zorunlu_ozellikler,tercihen_ozellikler,maas_araligi,durum)
  values (-7, -14, 'Yazılım Uzmanı', false,'İstanbul','2021-09-25','2021-10-01',null,'2021-12-30',0,'İstanbul yerleşkemizde çalışmak üzere tam zamanlı çalışma arkadaşları arıyoruz.','İngilizce','Almanca',null,'Aktif');
insert into iskolik.ilan (ilan_id,kullanici_id,unvan,is_part_time,yer,giris_tarihi,yayin_tarihi,iptal_tarihi,son_basvuru_tarihi,basvuru_limiti,aciklama,zorunlu_ozellikler,tercihen_ozellikler,maas_araligi,durum)
  values (-8, -15, 'Grafiker', false,'İstanbul','2021-09-25','2021-10-01',null,'2021-12-30',0,'İstanbul yerleşkemizde çalışmak üzere tam zamanlı çalışma arkadaşları arıyoruz.','İngilizce','Almanca',null,'Aktif');
insert into iskolik.ilan (ilan_id,kullanici_id,unvan,is_part_time,yer,giris_tarihi,yayin_tarihi,iptal_tarihi,son_basvuru_tarihi,basvuru_limiti,aciklama,zorunlu_ozellikler,tercihen_ozellikler,maas_araligi,durum)
  values (-9, -11, 'Muhasebe Uzmanı', false,'Ankara','2021-09-25','2021-10-01',null,'2021-12-30',0,'Ankara yerleşkemizde çalışmak üzere tam zamanlı çalışma arkadaşları arıyoruz.','İngilizce','Almanca',null,'Aktif');
insert into iskolik.ilan (ilan_id,kullanici_id,unvan,is_part_time,yer,giris_tarihi,yayin_tarihi,iptal_tarihi,son_basvuru_tarihi,basvuru_limiti,aciklama,zorunlu_ozellikler,tercihen_ozellikler,maas_araligi,durum)
  values (-10, -12, 'Garson', false,'Ankara','2021-09-25','2021-10-01',null,'2021-12-30',0,'Ankara yerleşkemizde çalışmak üzere tam zamanlı çalışma arkadaşları arıyoruz.','İngilizce','Almanca',null,'Aktif');
insert into iskolik.ilan (ilan_id,kullanici_id,unvan,is_part_time,yer,giris_tarihi,yayin_tarihi,iptal_tarihi,son_basvuru_tarihi,basvuru_limiti,aciklama,zorunlu_ozellikler,tercihen_ozellikler,maas_araligi,durum)
  values (-11, -12, 'Yazılım Uzmanı', false,'Ankara','2021-09-25','2021-10-01',null,'2021-12-30',0,'Ankara yerleşkemizde çalışmak üzere tam zamanlı çalışma arkadaşları arıyoruz.','İngilizce','Almanca',null,'Aktif');
insert into iskolik.ilan (ilan_id,kullanici_id,unvan,is_part_time,yer,giris_tarihi,yayin_tarihi,iptal_tarihi,son_basvuru_tarihi,basvuru_limiti,aciklama,zorunlu_ozellikler,tercihen_ozellikler,maas_araligi,durum)
  values (-12, -13, 'Yazılım Geliştirme Uzmanı', false,'Ankara','2021-09-25','2021-10-01',null,'2021-12-30',0,'Ankara yerleşkemizde çalışmak üzere tam zamanlı çalışma arkadaşları arıyoruz.','İngilizce','Almanca',null,'Aktif');
insert into iskolik.ilan (ilan_id,kullanici_id,unvan,is_part_time,yer,giris_tarihi,yayin_tarihi,iptal_tarihi,son_basvuru_tarihi,basvuru_limiti,aciklama,zorunlu_ozellikler,tercihen_ozellikler,maas_araligi,durum)
  values (-13, -13, 'Yazılımcı', false,'Ankara','2021-09-25','2021-10-01',null,'2021-12-30',0,'Ankara yerleşkemizde çalışmak üzere tam zamanlı çalışma arkadaşları arıyoruz.','İngilizce','Almanca',null,'Aktif');
insert into iskolik.ilan (ilan_id,kullanici_id,unvan,is_part_time,yer,giris_tarihi,yayin_tarihi,iptal_tarihi,son_basvuru_tarihi,basvuru_limiti,aciklama,zorunlu_ozellikler,tercihen_ozellikler,maas_araligi,durum)
  values (-14, -14, 'C++ Yazılım Uzmanı', false,'İstanbul','2021-09-25','2021-10-01',null,'2021-12-30',0,'İstanbul yerleşkemizde çalışmak üzere tam zamanlı çalışma arkadaşları arıyoruz.','İngilizce','Almanca',null,'Aktif');
insert into iskolik.ilan (ilan_id,kullanici_id,unvan,is_part_time,yer,giris_tarihi,yayin_tarihi,iptal_tarihi,son_basvuru_tarihi,basvuru_limiti,aciklama,zorunlu_ozellikler,tercihen_ozellikler,maas_araligi,durum)
  values (-15, -12, 'Kıdemli Java Yazılımcı', false,'Ankara','2021-09-25','2021-10-01',null,'2021-12-30',0,'Ankara yerleşkemizde çalışmak üzere tam zamanlı çalışma arkadaşları arıyoruz.','İngilizce','Almanca',null,'Aktif');
insert into iskolik.ilan (ilan_id,kullanici_id,unvan,is_part_time,yer,giris_tarihi,yayin_tarihi,iptal_tarihi,son_basvuru_tarihi,basvuru_limiti,aciklama,zorunlu_ozellikler,tercihen_ozellikler,maas_araligi,durum)
  values (-16, -15, 'Yazılım Geliştirici', false,'İstanbul','2021-09-25','2021-10-01',null,'2021-12-30',0,'İstanbul yerleşkemizde çalışmak üzere tam zamanlı çalışma arkadaşları arıyoruz.','İngilizce','Almanca',null,'Aktif');
insert into iskolik.ilan (ilan_id,kullanici_id,unvan,is_part_time,yer,giris_tarihi,yayin_tarihi,iptal_tarihi,son_basvuru_tarihi,basvuru_limiti,aciklama,zorunlu_ozellikler,tercihen_ozellikler,maas_araligi,durum)
  values (-17, -14, 'Yazılım Uzmanı', false,'İstanbul','2021-09-25','2021-10-01',null,'2021-12-30',0,'İstanbul yerleşkemizde çalışmak üzere tam zamanlı çalışma arkadaşları arıyoruz.','İngilizce','Almanca',null,'Aktif');
insert into iskolik.ilan (ilan_id,kullanici_id,unvan,is_part_time,yer,giris_tarihi,yayin_tarihi,iptal_tarihi,son_basvuru_tarihi,basvuru_limiti,aciklama,zorunlu_ozellikler,tercihen_ozellikler,maas_araligi,durum)
  values (-18, -15, 'Önyüz Geliştirme Uzmanı', false,'İstanbul','2021-09-25','2021-10-01',null,'2021-12-30',0,'İstanbul yerleşkemizde çalışmak üzere tam zamanlı çalışma arkadaşları arıyoruz.','İngilizce','Almanca',null,'Aktif');
insert into iskolik.ilan (ilan_id,kullanici_id,unvan,is_part_time,yer,giris_tarihi,yayin_tarihi,iptal_tarihi,son_basvuru_tarihi,basvuru_limiti,aciklama,zorunlu_ozellikler,tercihen_ozellikler,maas_araligi,durum)
  values (-19, -12, 'Takım Lideri', false,'Ankara','2021-09-25','2021-10-01',null,'2021-12-30',0,'Ankara yerleşkemizde çalışmak üzere tam zamanlı çalışma arkadaşları arıyoruz.','İngilizce','Almanca',null,'Aktif');
insert into iskolik.ilan (ilan_id,kullanici_id,unvan,is_part_time,yer,giris_tarihi,yayin_tarihi,iptal_tarihi,son_basvuru_tarihi,basvuru_limiti,aciklama,zorunlu_ozellikler,tercihen_ozellikler,maas_araligi,durum)
  values (-20, -12, 'Kıdemli Yazılım Geliştirme Uzmanı', false,'Ankara','2021-09-25','2021-10-01',null,'2021-12-30',0,'Ankara yerleşkemizde çalışmak üzere tam zamanlı çalışma arkadaşları arıyoruz.','İngilizce','Almanca',null,'Aktif');

insert into iskolik.basvuru (basvuru_id,kullanici_id,ilan_id,basvuru_tarihi,durum) values (-1,-1,-11,'2021-11-27','Aktif');
insert into iskolik.basvuru (basvuru_id,kullanici_id,ilan_id,basvuru_tarihi,durum) values (-2,-1,-13,'2021-10-25','Aktif');
insert into iskolik.basvuru (basvuru_id,kullanici_id,ilan_id,basvuru_tarihi,durum) values (-3,-1,-15,'2021-09-21','Kapalı');
insert into iskolik.basvuru (basvuru_id,kullanici_id,ilan_id,basvuru_tarihi,durum) values (-4,-1,-16,'2021-08-18','Kapalı');
insert into iskolik.basvuru (basvuru_id,kullanici_id,ilan_id,basvuru_tarihi,durum) values (-5,-1,-19,'2021-07-13','İptal');

insert into iskolik.ilan_kategori (ilan_id,kategori_id,aciklama) values (-11,-6,'En az 5 yıl tecrübe');
insert into iskolik.ilan_kategori (ilan_id,kategori_id,aciklama) values (-11,-7,'En az 10 yıl tecrübe');
insert into iskolik.ilan_kategori (ilan_id,kategori_id,aciklama) values (-11,-8,'En az 2 yıl tecrübe');
insert into iskolik.ilan_kategori (ilan_id,kategori_id,aciklama) values (-12,-4,'En az 5 yıl tecrübe');
insert into iskolik.ilan_kategori (ilan_id,kategori_id,aciklama) values (-12,-5,'En az 8 yıl tecrübe');
